{"phone": 0.15300000000000002, "use": 0, "camera": -0.16666666666666666, "quality": -0.08333333333333333}